ample,group,Protein Concentration (mg/ml),APase Activity (U/ml),spac
23,-Pi,3.95,0.36,91.13924051
36,-Pi,5.9,0.6,101.6949153
43,-Pi,7,0.61,87.14285714
12,+Pi,4.7,0.027,5.744680851
28,+Pi,16.1,0.242,15.0310559
38,+Pi,14.1,0.29,20.56737589
6,+Phi,9.93,0.34,34.23967774
17,+Phi,12.92,0.22,17.02786378
29,+Phi,14.46,0.23,15.90594744